FAT_YEARMONTH,FAT_DAY,FAT_TIME,FATALITY_ID,EVENT_ID,FATALITY_TYPE,FATALITY_DATE,FATALITY_AGE,FATALITY_SEX,FATALITY_LOCATION,EVENT_YEARMONTH
201602,24,0,30075,619440,"D","02/24/2016 00:00:00",78,"M","Outside/Open Areas",201602
201603,9,0,30181,626789,"D","03/09/2016 00:00:00",56,"M","Outside/Open Areas",201603
201603,9,0,30182,626791,"I","03/09/2016 00:00:00",28,"F","Vehicle/Towed Trailer",201603
201603,8,0,30183,626794,"I","03/08/2016 00:00:00",22,"M","Vehicle/Towed Trailer",201603
201605,29,0,30551,627093,"D","05/29/2016 00:00:00",20,"M","In Water",201605
201606,12,0,30552,627093,"D","06/12/2016 00:00:00",53,"M","In Water",201605
201605,24,0,30257,628559,"D","05/24/2016 00:00:00",,"","Vehicle/Towed Trailer",201605
201605,9,0,30371,633058,"D","05/09/2016 00:00:00",78,"M","Permanent Home",201605
201605,9,0,30373,633089,"D","05/09/2016 00:00:00",76,"M","Permanent Home",201605
201605,28,0,30707,644220,"D","05/28/2016 00:00:00",21,"M","In Water",201605
201601,17,0,30036,608183,"I","01/17/2016 00:00:00",,"","Unknown",201601
201601,19,0,29640,608721,"D","01/19/2016 00:00:00",30,"M","Outside/Open Areas",201601
201601,24,0,29638,608730,"D","01/24/2016 00:00:00",46,"M","Outside/Open Areas",201601
201601,24,0,29639,608730,"D","01/24/2016 00:00:00",36,"F","Outside/Open Areas",201601
201601,24,0,29669,608906,"D","01/24/2016 00:00:00",36,"M","Outside/Open Areas",201601
201601,1,0,30033,608907,"D","01/01/2016 00:00:00",65,"M","Outside/Open Areas",201601
201602,4,0,29714,608934,"I","02/04/2016 00:00:00",67,"M","Outside/Open Areas",201601
201601,24,0,29749,609333,"I","01/24/2016 00:00:00",66,"M","Outside/Open Areas",201601
201601,24,0,29746,609334,"I","01/24/2016 00:00:00",,"M","Outside/Open Areas",201601
201601,24,0,29747,609340,"I","01/24/2016 00:00:00",70,"M","Permanent Home",201601
201601,24,0,29748,609340,"I","01/24/2016 00:00:00",76,"M","Permanent Home",201601
201601,17,0,29701,609389,"D","01/17/2016 00:00:00",58,"M","Mobile/Trailer Home",201601
201601,17,0,29702,609389,"D","01/17/2016 00:00:00",51,"F","Mobile/Trailer Home",201601
201601,23,0,29764,610536,"I","01/23/2016 00:00:00",54,"M","Outside/Open Areas",201601
201601,26,0,29763,610536,"I","01/26/2016 00:00:00",55,"M","Vehicle/Towed Trailer",201601
201601,23,0,29766,610537,"I","01/23/2016 00:00:00",54,"M","Outside/Open Areas",201601
201601,26,0,29765,610537,"I","01/26/2016 00:00:00",55,"M","Vehicle/Towed Trailer",201601
201601,23,0,29768,610538,"I","01/23/2016 00:00:00",54,"M","Outside/Open Areas",201601
201601,26,0,29767,610538,"I","01/26/2016 00:00:00",55,"M","Vehicle/Towed Trailer",201601
201601,23,0,29772,610540,"I","01/23/2016 00:00:00",54,"M","Outside/Open Areas",201601
201602,25,0,31536,614284,"D","02/25/2016 00:00:00",28,"M","In Water",201602
201607,16,0,31537,642919,"I","07/16/2016 00:00:00",46,"M","In Water",201607
201607,16,0,31538,642919,"I","07/16/2016 00:00:00",6,"F","In Water",201607
201606,2,0,31568,646454,"D","06/02/2016 00:00:00",36,"M","In Water",201606
201606,3,0,31569,646433,"D","06/03/2016 00:00:00",46,"M","Vehicle/Towed Trailer",201606
201601,26,0,29771,610540,"I","01/26/2016 00:00:00",55,"M","Vehicle/Towed Trailer",201601
201601,30,0,29782,611127,"I","01/30/2016 00:00:00",23,"M","In Water",201601
201601,19,0,29783,611146,"I","01/19/2016 00:00:00",31,"M","Boating",201601
201601,19,0,29784,611146,"I","01/19/2016 00:00:00",37,"M","Boating",201601
201601,19,0,29785,611146,"I","01/19/2016 00:00:00",52,"M","Boating",201601
201601,20,0,29964,611231,"I","01/20/2016 00:00:00",22,"M","Vehicle/Towed Trailer",201601
201601,26,0,29825,611879,"I","01/26/2016 00:00:00",46,"M","Boating",201601
201601,15,0,29828,611941,"D","01/15/2016 00:00:00",98,"F","Outside/Open Areas",201601
201601,14,0,29842,612214,"D","01/14/2016 00:00:00",57,"F","Permanent Structure",201601
201601,23,0,29918,613720,"D","01/23/2016 00:00:00",36,"M","Vehicle/Towed Trailer",201601
201601,1,0,29927,613990,"I","01/01/2016 00:00:00",27,"M","In Water",201601
201601,11,0,29959,614361,"D","01/11/2016 00:00:00",43,"F","Outside/Open Areas",201601
201601,8,0,29956,614452,"D","01/08/2016 00:00:00",50,"M","Outside/Open Areas",201601
201601,17,0,29957,614453,"D","01/17/2016 00:00:00",21,"F","Outside/Open Areas",201601
201601,4,0,30024,614456,"D","01/04/2016 00:00:00",39,"M","Outside/Open Areas",201601
201601,14,0,30032,614502,"D","01/14/2016 00:00:00",72,"M","In Water",201601
201601,20,0,29967,614678,"I","01/20/2016 00:00:00",55,"F","Vehicle/Towed Trailer",201601
201601,20,0,30000,615221,"I","01/20/2016 00:00:00",,"","Unknown",201601
201601,20,0,29998,615222,"I","01/20/2016 00:00:00",44,"M","Vehicle/Towed Trailer",201601
201601,20,0,29997,615223,"I","01/20/2016 00:00:00",60,"F","Vehicle/Towed Trailer",201601
201601,31,0,30015,615345,"D","01/31/2016 00:00:00",48,"F","Vehicle/Towed Trailer",201601
201601,14,0,29982,615772,"D","01/14/2016 00:00:00",29,"M","Outside/Open Areas",201601
201601,14,0,29990,616052,"D","01/14/2016 00:00:00",23,"M","Outside/Open Areas",201601
201601,2,0,29994,616169,"D","01/02/2016 00:00:00",35,"M","Outside/Open Areas",201601
201601,16,0,29995,616171,"D","01/16/2016 00:00:00",25,"M","Outside/Open Areas",201601
201601,11,0,30001,616387,"D","01/11/2016 00:00:00",53,"F","Outside/Open Areas",201601
201601,23,0,30019,616498,"D","01/23/2016 00:00:00",80,"F","Outside/Open Areas",201601
201601,18,0,30010,616502,"D","01/18/2016 00:00:00",50,"M","Outside/Open Areas",201601
201601,18,0,30011,616502,"D","01/18/2016 00:00:00",57,"M","Outside/Open Areas",201601
201601,11,0,30004,616503,"D","01/11/2016 00:00:00",70,"F","Outside/Open Areas",201601
201601,11,0,30008,616508,"D","01/11/2016 00:00:00",60,"M","Outside/Open Areas",201601
201601,11,0,30009,616508,"D","01/11/2016 00:00:00",90,"F","Outside/Open Areas",201601
201601,22,0,30021,616510,"I","01/22/2016 00:00:00",69,"M","Outside/Open Areas",201601
201601,22,0,30018,616602,"I","01/22/2016 00:00:00",39,"M","Vehicle/Towed Trailer",201601
201601,21,0,30025,616658,"D","01/21/2016 00:00:00",49,"M","Outside/Open Areas",201601
201601,31,0,30026,616663,"D","01/31/2016 00:00:00",50,"M","Outside/Open Areas",201601
201601,24,0,30037,617356,"I","01/24/2016 00:00:00",56,"M","Vehicle/Towed Trailer",201601
201601,23,0,30039,617358,"I","01/23/2016 00:00:00",54,"M","Outside/Open Areas",201601
201601,24,0,30038,617358,"I","01/24/2016 00:00:00",55,"M","Vehicle/Towed Trailer",201601
201601,23,0,30042,617367,"I","01/23/2016 00:00:00",18,"F","Outside/Open Areas",201601
201601,23,0,30043,617367,"I","01/23/2016 00:00:00",88,"M","Outside/Open Areas",201601
201601,3,0,30045,617533,"D","01/03/2016 00:00:00",20,"M","In Water",201601
201609,29,0,31541,659699,"D","09/29/2016 00:00:00",30,"M","Outside/Open Areas",201609
201601,13,0,29866,606471,"D","01/13/2016 00:00:00",77,"M","Permanent Home",201512
201601,8,0,29865,606471,"D","01/08/2016 00:00:00",35,"M","Vehicle/Towed Trailer",201512
201604,30,0,30242,631037,"D","04/30/2016 00:00:00",30,"M","Vehicle/Towed Trailer",201604
201604,30,0,30236,631382,"D","04/30/2016 00:00:00",9,"F","Outside/Open Areas",201604
201604,30,0,30237,631382,"D","04/30/2016 00:00:00",8,"M","Outside/Open Areas",201604
201604,30,0,30238,631382,"D","04/30/2016 00:00:00",7,"M","Outside/Open Areas",201604
201604,30,0,30239,631382,"D","04/30/2016 00:00:00",6,"F","Outside/Open Areas",201604
201604,30,0,30240,631382,"D","04/30/2016 00:00:00",64,"F","Outside/Open Areas",201604
201604,30,0,30241,631383,"D","04/30/2016 00:00:00",30,"M","Outside/Open Areas",201604
201603,18,0,30047,617774,"D","03/18/2016 00:00:00",28,"F","Outside/Open Areas",201603
201604,3,0,30207,628675,"D","04/03/2016 00:00:00",49,"M","Vehicle/Towed Trailer",201604
201604,3,0,30208,628675,"D","04/03/2016 00:00:00",51,"F","Vehicle/Towed Trailer",201604
201605,27,0,31627,640004,"I","05/27/2016 00:00:00",11,"M","Outside/Open Areas",201605
201608,1,0,31550,660164,"D","08/01/2016 00:00:00",51,"M","In Water",201608
201611,16,0,31604,660354,"I","11/16/2016 00:00:00",65,"M","Outside/Open Areas",201611
201611,20,0,31571,661416,"I","11/20/2016 00:00:00",75,"M","Other",201611
201611,8,0,31618,662490,"D","11/08/2016 00:00:00",73,"M","In Water",201611
201611,29,0,31742,663851,"I","11/29/2016 00:00:00",62,"F","Vehicle/Towed Trailer",201611
201611,12,0,31821,665627,"D","11/12/2016 00:00:00",14,"M","In Water",201611
201611,9,0,31833,666056,"D","11/09/2016 00:00:00",42,"M","Boating",201611
201611,28,0,31856,667508,"I","11/28/2016 00:00:00",19,"M","Vehicle/Towed Trailer",201611
201611,20,0,32865,668559,"I","11/20/2016 00:00:00",,"","Unknown",201611
201604,30,0,30394,632311,"D","04/30/2016 00:00:00",61,"M","Vehicle/Towed Trailer",201604
201604,29,0,30400,640527,"D","04/29/2016 00:00:00",41,"M","Vehicle/Towed Trailer",201604
201601,18,0,29628,608577,"D","01/18/2016 00:00:00",19,"M","In Water",201601
201601,18,0,29629,608577,"D","01/18/2016 00:00:00",25,"M","In Water",201601
201602,24,0,30114,621853,"D","02/24/2016 00:00:00",2,"M","Mobile/Trailer Home",201602
201602,24,0,30115,621853,"D","02/24/2016 00:00:00",26,"M","Mobile/Trailer Home",201602
201602,24,0,30116,621853,"D","02/24/2016 00:00:00",50,"M","Mobile/Trailer Home",201602
201605,26,0,32899,635831,"I","05/26/2016 00:00:00",16,"M","Outside/Open Areas",201605
201605,26,0,32897,635831,"D","05/26/2016 00:00:00",64,"F","Permanent Home",201605
201605,26,0,32895,635831,"D","05/26/2016 00:00:00",21,"M","Vehicle/Towed Trailer",201605
201605,26,0,32896,635831,"D","05/26/2016 00:00:00",59,"M","Vehicle/Towed Trailer",201605
201605,26,0,32898,635831,"D","05/26/2016 00:00:00",49,"M","Vehicle/Towed Trailer",201605
201608,10,0,32882,647936,"D","08/10/2016 00:00:00",9,"M","Outside/Open Areas",201608
201606,25,0,31297,655179,"D","06/25/2016 00:00:00",72,"M","Under Tree",201606
201607,18,0,31491,657837,"D","07/18/2016 00:00:00",80,"F","Permanent Home",201607
201606,24,0,31492,657887,"D","06/24/2016 00:00:00",80,"F","Permanent Home",201606
201606,16,0,31494,657892,"D","06/16/2016 00:00:00",85,"M","Permanent Home",201606
201607,9,0,31513,658544,"D","07/09/2016 00:00:00",26,"M","In Water",201607
201607,9,0,31514,658544,"D","07/09/2016 00:00:00",37,"M","In Water",201607
201607,9,0,31515,658544,"D","07/09/2016 00:00:00",,"","In Water",201607
201610,9,0,31542,659778,"D","10/09/2016 00:00:00",,"F","Vehicle/Towed Trailer",201610
201607,13,0,31545,659815,"I","07/13/2016 00:00:00",36,"M","Outside/Open Areas",201607
201610,8,0,31613,662370,"D","10/08/2016 00:00:00",22,"M","Vehicle/Towed Trailer",201610
201610,8,0,31614,662370,"D","10/08/2016 00:00:00",44,"M","Vehicle/Towed Trailer",201610
201610,8,0,31817,663405,"D","10/08/2016 00:00:00",,"","Unknown",201610
201610,8,0,31816,663405,"D","10/08/2016 00:00:00",,"","Vehicle/Towed Trailer",201610
201610,9,0,31840,663407,"I","10/09/2016 00:00:00",76,"M","Permanent Home",201610
201610,9,0,31819,663564,"D","10/09/2016 00:00:00",70,"M","Vehicle/Towed Trailer",201610
201610,9,0,31736,663637,"D","10/09/2016 00:00:00",,"F","Vehicle/Towed Trailer",201610
201610,8,0,31813,663955,"D","10/08/2016 00:00:00",,"","Vehicle/Towed Trailer",201610
201610,8,0,31814,663955,"D","10/08/2016 00:00:00",,"","Vehicle/Towed Trailer",201610
201610,9,0,31812,663986,"I","10/09/2016 00:00:00",,"","Outside/Open Areas",201610
201610,2,0,31758,664076,"D","10/02/2016 00:00:00",55,"M","In Water",201610
201610,19,0,31759,664078,"D","10/19/2016 00:00:00",75,"M","In Water",201610
201610,8,0,31764,664266,"D","10/08/2016 00:00:00",,"","Vehicle/Towed Trailer",201610
201610,8,0,31767,664272,"D","10/08/2016 00:00:00",,"M","Permanent Home",201610
201610,8,0,31769,664273,"D","10/08/2016 00:00:00",,"","Permanent Home",201610
201610,8,0,31784,664345,"D","10/08/2016 00:00:00",83,"M","Vehicle/Towed Trailer",201610
201610,8,0,31822,664348,"D","10/08/2016 00:00:00",73,"M","Vehicle/Towed Trailer",201610
201610,11,0,31828,666044,"D","10/11/2016 00:00:00",,"M","In Water",201610
201610,13,0,31829,666045,"D","10/13/2016 00:00:00",,"F","Vehicle/Towed Trailer",201610
201610,13,0,31830,666046,"D","10/13/2016 00:00:00",,"M","In Water",201610
201610,13,0,31831,666047,"D","10/13/2016 00:00:00",55,"M","In Water",201610
201610,13,0,31835,666248,"D","10/13/2016 00:00:00",17,"M","In Water",201610
201610,11,0,31837,666320,"D","10/11/2016 00:00:00",,"M","Vehicle/Towed Trailer",201610
201608,10,0,32874,668678,"D","08/10/2016 00:00:00",34,"M","Under Tree",201608
201608,10,0,32875,668678,"D","08/10/2016 00:00:00",32,"F","Under Tree",201608
201605,1,0,30124,622483,"D","05/01/2016 00:00:00",53,"M","In Water",201605
201605,7,0,30163,625797,"I","05/07/2016 00:00:00",,"F","Outside/Open Areas",201605
201605,24,0,30321,626403,"D","05/24/2016 00:00:00",62,"M","Outside/Open Areas",201605
201605,30,0,30213,626754,"I","05/30/2016 00:00:00",68,"M","Other",201605
201605,4,0,30198,627799,"D","05/04/2016 00:00:00",64,"M","Vehicle/Towed Trailer",201605
201605,1,0,30396,632310,"I","05/01/2016 00:00:00",61,"M","Vehicle/Towed Trailer",201605
201605,22,0,30307,635797,"D","05/22/2016 00:00:00",12,"F","In Water",201605
201605,30,0,30399,636975,"D","05/30/2016 00:00:00",61,"F","Vehicle/Towed Trailer",201605
201605,14,0,30391,640312,"D","05/14/2016 00:00:00",53,"M","In Water",201605
201612,3,0,31597,661853,"D","12/03/2016 00:00:00",,"","Outside/Open Areas",201612
201612,10,0,31617,662402,"I","12/10/2016 00:00:00",22,"M","Vehicle/Towed Trailer",201612
201612,15,0,31621,662723,"I","12/15/2016 00:00:00",37,"M","Outside/Open Areas",201612
201612,18,0,31622,662870,"I","12/18/2016 00:00:00",18,"F","Outside/Open Areas",201612
201612,12,0,31630,663039,"I","12/12/2016 00:00:00",55,"M","Outside/Open Areas",201612
201612,17,0,31628,663178,"I","12/17/2016 00:00:00",44,"M","Outside/Open Areas",201612
201612,18,0,31629,663178,"I","12/18/2016 00:00:00",74,"M","Outside/Open Areas",201612
201612,25,0,31741,663723,"I","12/25/2016 00:00:00",59,"M","Vehicle/Towed Trailer",201612
201612,17,0,31743,663943,"I","12/17/2016 00:00:00",,"","Outside/Open Areas",201612
201612,17,0,31745,663947,"I","12/17/2016 00:00:00",46,"M","Vehicle/Towed Trailer",201612
201612,16,0,31750,663951,"I","12/16/2016 00:00:00",13,"F","Vehicle/Towed Trailer",201612
201612,16,0,31756,663978,"I","12/16/2016 00:00:00",24,"M","Vehicle/Towed Trailer",201612
201612,16,0,31755,663979,"I","12/16/2016 00:00:00",56,"M","Vehicle/Towed Trailer",201612
201612,24,0,31782,664505,"I","12/24/2016 00:00:00",20,"F","Vehicle/Towed Trailer",201612
201612,30,0,31803,664565,"I","12/30/2016 00:00:00",25,"F","Outside/Open Areas",201612
201612,30,0,31806,664592,"D","12/30/2016 00:00:00",58,"M","In Water",201612
201612,19,0,32911,664919,"D","12/19/2016 00:00:00",64,"F","Outside/Open Areas",201612
201612,19,0,31811,664996,"I","12/19/2016 00:00:00",27,"M","Vehicle/Towed Trailer",201612
201612,19,0,31809,664997,"I","12/19/2016 00:00:00",57,"M","Vehicle/Towed Trailer",201612
201612,19,0,31810,664997,"I","12/19/2016 00:00:00",75,"F","Vehicle/Towed Trailer",201612
201612,3,0,31820,665126,"D","12/03/2016 00:00:00",32,"F","In Water",201612
201612,25,0,32951,665755,"D","12/25/2016 00:00:00",72,"M","Outside/Open Areas",201612
201612,13,0,32964,665899,"D","12/13/2016 00:00:00",43,"M","Outside/Open Areas",201612
201612,12,0,31838,666330,"D","12/12/2016 00:00:00",34,"F","Outside/Open Areas",201612
201612,18,0,31839,666333,"D","12/18/2016 00:00:00",77,"M","Outside/Open Areas",201612
201612,4,0,31847,666923,"I","12/04/2016 00:00:00",26,"M","Vehicle/Towed Trailer",201612
201612,17,0,31848,666931,"I","12/17/2016 00:00:00",,"M","Vehicle/Towed Trailer",201612
201612,18,0,31849,666934,"D","12/18/2016 00:00:00",46,"M","Outside/Open Areas",201612
201612,26,0,32855,667697,"I","12/26/2016 00:00:00",63,"M","Outside/Open Areas",201612
201612,29,0,32856,667697,"D","12/29/2016 00:00:00",37,"F","Outside/Open Areas",201612
201612,19,0,32857,667889,"D","12/19/2016 00:00:00",,"F","Outside/Open Areas",201612
201612,11,0,32860,668139,"D","12/11/2016 00:00:00",,"M","Outside/Open Areas",201612
201612,11,0,32876,668222,"I","12/11/2016 00:00:00",72,"M","Outside/Open Areas",201612
201612,26,0,32903,668714,"I","12/26/2016 00:00:00",22,"F","Vehicle/Towed Trailer",201612
201612,17,0,32972,669638,"I","12/17/2016 00:00:00",16,"F","Vehicle/Towed Trailer",201612
201612,17,0,32973,669638,"I","12/17/2016 00:00:00",,"M","Vehicle/Towed Trailer",201612
201612,17,0,32974,669638,"I","12/17/2016 00:00:00",,"","Vehicle/Towed Trailer",201612
201612,10,0,32910,669728,"D","12/10/2016 00:00:00",29,"F","Outside/Open Areas",201612
201612,17,0,32918,669815,"D","12/17/2016 00:00:00",,"","Vehicle/Towed Trailer",201612
201612,17,0,32919,669815,"D","12/17/2016 00:00:00",,"","Vehicle/Towed Trailer",201612
201612,17,0,32917,669826,"D","12/17/2016 00:00:00",,"M","Outside/Open Areas",201612
201612,17,0,32962,670095,"I","12/17/2016 00:00:00",71,"M","Vehicle/Towed Trailer",201612
201612,25,0,32941,670231,"I","12/25/2016 00:00:00",70,"M","Outside/Open Areas",201612
201612,16,0,32938,670387,"I","12/16/2016 00:00:00",,"F","Unknown",201612
201612,18,0,32956,670462,"D","12/18/2016 00:00:00",82,"M","Outside/Open Areas",201612
201612,18,0,32957,670462,"D","12/18/2016 00:00:00",70,"F","Outside/Open Areas",201612
201612,18,0,32960,670664,"D","12/18/2016 00:00:00",39,"M","Outside/Open Areas",201612
201612,18,0,32971,672343,"D","12/18/2016 00:00:00",52,"M","Outside/Open Areas",201612
201612,31,0,32977,672692,"I","12/31/2016 00:00:00",35,"F","Vehicle/Towed Trailer",201612
201612,31,0,32978,672692,"I","12/31/2016 00:00:00",50,"M","Vehicle/Towed Trailer",201612
201606,7,0,30200,628224,"D","06/07/2016 00:00:00",36,"M","In Water",201606
201606,7,0,30201,628352,"D","06/07/2016 00:00:00",52,"F","In Water",201606
201606,7,0,30205,628353,"D","06/07/2016 00:00:00",36,"M","In Water",201606
201606,7,0,30206,628353,"D","06/07/2016 00:00:00",35,"M","In Water",201606
201606,10,0,30410,628758,"D","06/10/2016 00:00:00",,"M","Permanent Structure",201606
201606,5,0,30211,628790,"I","06/05/2016 00:00:00",55,"M","Outside/Open Areas",201606
201606,7,0,30214,629380,"D","06/07/2016 00:00:00",,"M","In Water",201606
201606,12,0,30215,629806,"D","06/12/2016 00:00:00",50,"M","Mobile/Trailer Home",201606
201606,18,0,30218,630396,"D","06/18/2016 00:00:00",25,"M","Outside/Open Areas",201606
201606,19,0,30219,630397,"D","06/19/2016 00:00:00",28,"F","Outside/Open Areas",201606
201606,21,0,30320,631862,"D","06/21/2016 00:00:00",11,"F","Permanent Structure",201606
201606,18,0,30246,632207,"D","06/18/2016 00:00:00",24,"F","In Water",201606
201606,6,0,30250,632506,"D","06/06/2016 00:00:00",,"","Other",201606
201606,23,0,30319,634044,"I","06/23/2016 00:00:00",49,"M","Permanent Home",201606
201606,27,0,30322,634338,"D","06/27/2016 00:00:00",24,"M","Other",201606
201606,15,0,30308,634756,"D","06/15/2016 00:00:00",56,"M","Vehicle/Towed Trailer",201606
201606,11,0,30298,635541,"I","06/11/2016 00:00:00",0,"M","Vehicle/Towed Trailer",201606
201606,12,0,30326,636863,"D","06/12/2016 00:00:00",8,"M","Outside/Open Areas",201606
201606,12,0,30325,636900,"D","06/12/2016 00:00:00",94,"M","Vehicle/Towed Trailer",201606
201606,23,0,30761,637349,"D","06/23/2016 00:00:00",81,"M","Outside/Open Areas",201606
201606,23,0,30762,637349,"D","06/23/2016 00:00:00",90,"F","Outside/Open Areas",201606
201606,24,0,30354,638522,"D","06/24/2016 00:00:00",33,"F","In Water",201606
201606,2,0,30429,642168,"I","06/02/2016 00:00:00",35,"M","In Water",201606
201606,5,0,30430,642168,"I","06/05/2016 00:00:00",36,"M","In Water",201606
201606,10,0,30419,642304,"D","06/10/2016 00:00:00",20,"M","Boating",201606
201606,4,0,30431,642819,"I","06/04/2016 00:00:00",15,"M","In Water",201606
201606,9,0,30434,643020,"D","06/09/2016 00:00:00",,"M","Outside/Open Areas",201606
201606,3,0,30437,643021,"D","06/03/2016 00:00:00",34,"M","Outside/Open Areas",201606
201606,4,0,30438,643021,"D","06/04/2016 00:00:00",56,"M","Outside/Open Areas",201606
201606,6,0,30439,643021,"I","06/06/2016 00:00:00",50,"M","Outside/Open Areas",201606
201606,12,0,30444,643021,"D","06/12/2016 00:00:00",66,"F","Outside/Open Areas",201606
201606,3,0,30436,643021,"D","06/03/2016 00:00:00",77,"M","Permanent Home",201606
201606,8,0,30440,643021,"D","06/08/2016 00:00:00",86,"M","Permanent Home",201606
201606,8,0,30442,643021,"D","06/08/2016 00:00:00",81,"M","Permanent Home",201606
201606,8,0,30441,643021,"D","06/08/2016 00:00:00",35,"M","Permanent Structure",201606
201606,9,0,30443,643021,"D","06/09/2016 00:00:00",82,"M","Permanent Structure",201606
201606,3,0,30435,643021,"D","06/03/2016 00:00:00",66,"F","Vehicle/Towed Trailer",201606
201606,22,0,30786,643026,"I","06/22/2016 00:00:00",52,"M","Outside/Open Areas",201606
201606,21,0,30790,643026,"D","06/21/2016 00:00:00",53,"M","Outside/Open Areas",201606
201606,22,0,30792,643026,"I","06/22/2016 00:00:00",91,"F","Outside/Open Areas",201606
201606,22,0,30793,643026,"D","06/22/2016 00:00:00",20,"F","Outside/Open Areas",201606
201606,26,0,30796,643026,"D","06/26/2016 00:00:00",36,"M","Outside/Open Areas",201606
201606,20,0,30785,643026,"D","06/20/2016 00:00:00",82,"F","Permanent Home",201606
201606,24,0,30787,643026,"I","06/24/2016 00:00:00",76,"F","Permanent Home",201606
201606,26,0,30797,643026,"D","06/26/2016 00:00:00",82,"F","Permanent Home",201606
201606,28,0,30799,643026,"D","06/28/2016 00:00:00",67,"M","Permanent Home",201606
201606,25,0,30788,643026,"I","06/25/2016 00:00:00",82,"M","Permanent Structure",201606
201606,21,0,30789,643026,"I","06/21/2016 00:00:00",42,"F","Permanent Structure",201606
201606,25,0,30795,643026,"I","06/25/2016 00:00:00",54,"M","Permanent Structure",201606
201606,26,0,30798,643026,"D","06/26/2016 00:00:00",66,"M","Permanent Structure",201606
201606,28,0,30800,643026,"D","06/28/2016 00:00:00",60,"M","Permanent Structure",201606
201606,29,0,30801,643026,"D","06/29/2016 00:00:00",54,"M","Permanent Structure",201606
201606,21,0,30791,643026,"I","06/21/2016 00:00:00",62,"M","Vehicle/Towed Trailer",201606
201606,24,0,30794,643026,"I","06/24/2016 00:00:00",74,"M","Vehicle/Towed Trailer",201606
201606,22,0,30534,643101,"I","06/22/2016 00:00:00",63,"M","Boating",201606
201606,22,0,30535,643101,"I","06/22/2016 00:00:00",54,"M","Boating",201606
201606,18,0,30754,644625,"D","06/18/2016 00:00:00",,"M","In Water",201606
201606,13,0,30952,644661,"I","06/13/2016 00:00:00",24,"M","In Water",201606
201606,19,0,30985,644664,"D","06/19/2016 00:00:00",,"M","Outside/Open Areas",201606
201606,19,0,30986,644664,"D","06/19/2016 00:00:00",,"F","Outside/Open Areas",201606
201606,18,0,30767,644955,"D","06/18/2016 00:00:00",56,"F","Outside/Open Areas",201606
201606,30,0,30802,644977,"D","06/30/2016 00:00:00",55,"F","Outside/Open Areas",201606
201606,30,0,30803,644977,"I","06/30/2016 00:00:00",29,"F","Outside/Open Areas",201606
201606,19,0,30955,645016,"D","06/19/2016 00:00:00",43,"M","Camping",201606
201606,2,0,30934,645945,"D","06/02/2016 00:00:00",38,"M","In Water",201606
201606,2,0,30935,645945,"D","06/02/2016 00:00:00",21,"M","In Water",201606
201606,2,0,30936,645945,"D","06/02/2016 00:00:00",21,"F","In Water",201606
201606,2,0,30937,645945,"D","06/02/2016 00:00:00",20,"F","In Water",201606
201606,2,0,30938,645945,"D","06/02/2016 00:00:00",25,"M","In Water",201606
201606,2,0,30939,645945,"D","06/02/2016 00:00:00",19,"M","In Water",201606
201606,2,0,30940,645945,"D","06/02/2016 00:00:00",23,"M","In Water",201606
201606,2,0,30941,645945,"D","06/02/2016 00:00:00",22,"M","In Water",201606
201606,2,0,30942,645945,"D","06/02/2016 00:00:00",27,"F","In Water",201606
201605,26,0,33369,639324,"D","05/26/2016 00:00:00",75,"M","Vehicle/Towed Trailer",201605
201605,27,0,33370,639329,"D","05/27/2016 00:00:00",29,"M","Vehicle/Towed Trailer",201605
201605,29,0,33375,639334,"D","05/29/2016 00:00:00",23,"F","Vehicle/Towed Trailer",201605
201607,22,0,31197,649849,"D","07/22/2016 00:00:00",14,"F","Boating",201607
201612,17,0,32961,670866,"D","12/17/2016 00:00:00",69,"M","Unknown",201612
201608,5,0,31263,654247,"D","08/05/2016 00:00:00",53,"F","Permanent Home",201608
201606,24,0,31487,654248,"D","06/24/2016 00:00:00",47,"M","Outside/Open Areas",201606
201606,16,0,30953,646560,"D","06/16/2016 00:00:00",,"","Unknown",201606
201606,14,0,30954,646562,"I","06/14/2016 00:00:00",0,"F","Vehicle/Towed Trailer",201606
201603,6,0,30150,625127,"D","03/06/2016 00:00:00",4,"M","Boating",201603
201603,6,0,30151,625127,"D","03/06/2016 00:00:00",13,"F","Boating",201603
201603,6,0,30152,625127,"D","03/06/2016 00:00:00",35,"M","Boating",201603
201606,18,0,30984,646936,"D","06/18/2016 00:00:00",46,"M","In Water",201606
201606,19,0,31110,647189,"D","06/19/2016 00:00:00",19,"F","Outside/Open Areas",201606
201606,19,0,31111,647189,"D","06/19/2016 00:00:00",54,"F","Outside/Open Areas",201606
201606,19,0,31112,647189,"D","06/19/2016 00:00:00",33,"M","Outside/Open Areas",201606
201606,19,0,31113,647189,"D","06/19/2016 00:00:00",57,"M","Outside/Open Areas",201606
201604,18,0,33009,629833,"D","04/18/2016 00:00:00",49,"F","Vehicle/Towed Trailer",201604
201604,18,0,33010,629833,"D","04/18/2016 00:00:00",41,"F","Vehicle/Towed Trailer",201604
201604,18,0,33011,629833,"D","04/18/2016 00:00:00",66,"M","Vehicle/Towed Trailer",201604
201604,18,0,33012,629833,"D","04/18/2016 00:00:00",25,"F","Vehicle/Towed Trailer",201604
201604,18,0,33013,629833,"D","04/18/2016 00:00:00",61,"M","Vehicle/Towed Trailer",201604
201604,17,0,33014,629833,"D","04/17/2016 00:00:00",36,"M","Vehicle/Towed Trailer",201604
201604,18,0,32888,629835,"D","04/18/2016 00:00:00",,"F","Vehicle/Towed Trailer",201604
201604,18,0,32889,629836,"D","04/18/2016 00:00:00",56,"M","Vehicle/Towed Trailer",201604
201604,27,0,30286,633234,"D","04/27/2016 00:00:00",,"F","Mobile/Trailer Home",201604
201608,26,0,30945,646102,"D","08/26/2016 00:00:00",50,"F","Outside/Open Areas",201608
201609,2,0,31147,648972,"D","09/02/2016 00:00:00",21,"F","In Water",201609
201609,2,0,31148,648972,"D","09/02/2016 00:00:00",46,"M","In Water",201609
201606,15,0,31152,649272,"D","06/15/2016 00:00:00",,"","Vehicle/Towed Trailer",201606
201606,17,0,31198,650006,"D","06/17/2016 00:00:00",0,"M","Permanent Home",201606
201607,19,0,31247,653889,"D","07/19/2016 00:00:00",47,"M","Vehicle/Towed Trailer",201607
201607,26,0,31271,654484,"D","07/26/2016 00:00:00",54,"F","Vehicle/Towed Trailer",201607
201608,4,0,31274,654515,"D","08/04/2016 00:00:00",1,"F","Vehicle/Towed Trailer",201608
201608,4,0,31275,654515,"D","08/04/2016 00:00:00",1,"F","Vehicle/Towed Trailer",201608
201608,5,0,31276,654517,"D","08/05/2016 00:00:00",31,"M","Vehicle/Towed Trailer",201608
201608,17,0,32916,662401,"D","08/17/2016 00:00:00",22,"M","Boating",201608
201610,15,0,31637,663221,"D","10/15/2016 00:00:00",46,"M","Boating",201610
201610,15,0,31638,663221,"D","10/15/2016 00:00:00",21,"M","Boating",201610
201610,15,0,31639,663221,"D","10/15/2016 00:00:00",14,"M","Boating",201610
201611,30,0,32947,665859,"D","11/30/2016 00:00:00",26,"M","Mobile/Trailer Home",201611
201611,30,0,32948,665859,"D","11/30/2016 00:00:00",22,"F","Mobile/Trailer Home",201611
201611,30,0,32949,665859,"D","11/30/2016 00:00:00",21,"F","Mobile/Trailer Home",201611
201608,2,0,31266,654249,"D","08/02/2016 00:00:00",76,"M","Vehicle/Towed Trailer",201608
201607,20,0,31489,657571,"D","07/20/2016 00:00:00",65,"M","Permanent Home",201607
201608,25,0,31490,657762,"I","08/25/2016 00:00:00",21,"M","Heavy Equipment/Construction",201608
201608,26,0,31595,661830,"D","08/26/2016 00:00:00",51,"F","Outside/Open Areas",201608
201611,30,0,31607,662323,"D","11/30/2016 00:00:00",,"M","Mobile/Trailer Home",201611
201611,30,0,31608,662323,"D","11/30/2016 00:00:00",,"F","Mobile/Trailer Home",201611
201612,10,0,33120,678358,"D","12/10/2016 00:00:00",64,"M","Outside/Open Areas",201612
201604,5,0,30056,618485,"D","04/05/2016 00:00:00",58,"M","In Water",201604
201604,7,0,30058,619063,"I","04/07/2016 00:00:00",35,"M","Vehicle/Towed Trailer",201604
201604,6,0,30142,622678,"D","04/06/2016 00:00:00",55,"M","Vehicle/Towed Trailer",201604
201604,19,0,30129,622707,"D","04/19/2016 00:00:00",25,"M","In Water",201604
201604,2,0,30138,624280,"I","04/02/2016 00:00:00",30,"F","Vehicle/Towed Trailer",201604
201604,2,0,30139,624280,"I","04/02/2016 00:00:00",1,"M","Vehicle/Towed Trailer",201604
201604,16,0,30140,624287,"D","04/16/2016 00:00:00",28,"M","In Water",201604
201604,3,0,30165,626144,"D","04/03/2016 00:00:00",70,"M","Boating",201604
201604,11,0,30166,626149,"D","04/11/2016 00:00:00",38,"M","Outside/Open Areas",201604
201604,10,0,30167,626153,"D","04/10/2016 00:00:00",70,"M","Boating",201604
201604,10,0,30168,626153,"D","04/10/2016 00:00:00",51,"M","Boating",201604
201604,10,0,30169,626153,"D","04/10/2016 00:00:00",9,"M","Boating",201604
201604,15,0,30287,626374,"D","04/15/2016 00:00:00",23,"M","Under Tree",201604
201604,19,0,30244,630266,"I","04/19/2016 00:00:00",17,"M","In Water",201604
201604,9,0,30220,630502,"D","04/09/2016 00:00:00",30,"F","Vehicle/Towed Trailer",201604
201604,10,0,30256,631166,"I","04/10/2016 00:00:00",50,"M","Vehicle/Towed Trailer",201604
201604,27,0,30253,632694,"D","04/27/2016 00:00:00",37,"M","Outside/Open Areas",201604
201603,10,0,29973,615054,"D","03/10/2016 00:00:00",42,"F","Outside/Open Areas",201512
201601,24,0,30081,620870,"I","01/24/2016 00:00:00",44,"M","Vehicle/Towed Trailer",201601
201601,23,0,30113,621171,"I","01/23/2016 00:00:00",94,"M","Outside/Open Areas",201601
201601,23,0,30084,621174,"I","01/23/2016 00:00:00",67,"M","Outside/Open Areas",201601
201601,23,0,30112,621179,"D","01/23/2016 00:00:00",61,"M","Outside/Open Areas",201601
201601,23,0,30085,621181,"I","01/23/2016 00:00:00",78,"M","Outside/Open Areas",201601
201601,23,0,30086,621181,"I","01/23/2016 00:00:00",80,"M","Outside/Open Areas",201601
201601,8,0,30111,621211,"I","01/08/2016 00:00:00",27,"M","Vehicle/Towed Trailer",201601
201601,24,0,30105,621219,"D","01/24/2016 00:00:00",78,"F","Vehicle/Towed Trailer",201601
201601,23,0,30094,621221,"I","01/23/2016 00:00:00",23,"F","Vehicle/Towed Trailer",201601
201601,23,0,30095,621221,"I","01/23/2016 00:00:00",3,"F","Vehicle/Towed Trailer",201601
201601,23,0,30096,621221,"I","01/23/2016 00:00:00",1,"F","Vehicle/Towed Trailer",201601
201601,23,0,30097,621222,"I","01/23/2016 00:00:00",23,"F","Vehicle/Towed Trailer",201601
201601,23,0,30098,621222,"I","01/23/2016 00:00:00",3,"F","Vehicle/Towed Trailer",201601
201601,23,0,30099,621222,"I","01/23/2016 00:00:00",1,"F","Vehicle/Towed Trailer",201601
201601,23,0,30100,621223,"I","01/23/2016 00:00:00",23,"F","Vehicle/Towed Trailer",201601
201601,23,0,30101,621223,"I","01/23/2016 00:00:00",3,"F","Vehicle/Towed Trailer",201601
201601,23,0,30102,621223,"I","01/23/2016 00:00:00",1,"F","Vehicle/Towed Trailer",201601
201601,23,0,30104,621224,"I","01/23/2016 00:00:00",64,"F","Outside/Open Areas",201601
201603,13,0,30251,626892,"I","03/13/2016 00:00:00",35,"M","Outside/Open Areas",201603
201601,11,0,30029,607368,"D","01/11/2016 00:00:00",41,"M","Outside/Open Areas",201601
201602,25,0,29948,614360,"D","02/25/2016 00:00:00",54,"M","Camping",201602
201604,1,0,30225,631281,"D","04/01/2016 00:00:00",16,"M","In Water",201604
201606,13,0,30289,634470,"D","06/13/2016 00:00:00",47,"M","Outside/Open Areas",201606
201606,16,0,30956,643943,"D","06/16/2016 00:00:00",19,"M","Outside/Open Areas",201606
201606,17,0,30957,643943,"D","06/17/2016 00:00:00",50,"F","Permanent Home",201606
201606,24,0,31234,646371,"D","06/24/2016 00:00:00",18,"M","Outside/Open Areas",201606
201606,17,0,30958,646584,"D","06/17/2016 00:00:00",71,"F","Mobile/Trailer Home",201606
201606,18,0,30959,646585,"D","06/18/2016 00:00:00",69,"M","Permanent Home",201606
201606,20,0,30960,646589,"D","06/20/2016 00:00:00",29,"F","Outside/Open Areas",201606
201606,14,0,31243,653322,"D","06/14/2016 00:00:00",32,"M","Outside/Open Areas",201606
201609,18,0,31224,652269,"D","09/18/2016 00:00:00",73,"M","In Water",201609
201609,9,0,31240,653262,"D","09/09/2016 00:00:00",70,"M","In Water",201609
201609,9,0,31241,653262,"D","09/09/2016 00:00:00",51,"M","In Water",201609
201609,9,0,31298,655260,"D","09/09/2016 00:00:00",26,"M","Outside/Open Areas",201609
201609,12,0,31529,659081,"D","09/12/2016 00:00:00",53,"F","Permanent Home",201609
201609,25,0,31533,656410,"D","09/25/2016 00:00:00",37,"F","Outside/Open Areas",201609
201609,12,0,31546,659935,"D","09/12/2016 00:00:00",86,"M","Vehicle/Towed Trailer",201609
201609,3,0,31551,659961,"D","09/03/2016 00:00:00",58,"M","In Water",201609
201609,6,0,31557,660464,"D","09/06/2016 00:00:00",71,"M","Outside/Open Areas",201609
201609,8,0,31563,660148,"D","09/08/2016 00:00:00",66,"M","Outside/Open Areas",201609
201609,22,0,31565,660534,"D","09/22/2016 00:00:00",79,"M","Vehicle/Towed Trailer",201609
201609,22,0,31566,659112,"D","09/22/2016 00:00:00",53,"M","Permanent Home",201609
201609,8,0,31570,661277,"I","09/08/2016 00:00:00",58,"F","Vehicle/Towed Trailer",201609
201609,25,0,31584,661640,"D","09/25/2016 00:00:00",,"","Unknown",201609
201607,14,0,30332,636005,"D","07/14/2016 00:00:00",56,"F","Vehicle/Towed Trailer",201607
201607,19,0,31142,638303,"D","07/19/2016 00:00:00",20,"M","Unknown",201607
201607,25,0,30381,638954,"I","07/25/2016 00:00:00",52,"M","Under Tree",201607
201607,14,0,31229,638992,"D","07/14/2016 00:00:00",65,"F","Under Tree",201607
201607,12,0,30388,639267,"I","07/12/2016 00:00:00",47,"M","Outside/Open Areas",201607
201607,25,0,31324,639807,"D","07/25/2016 00:00:00",29,"M","Heavy Equipment/Construction",201607
201607,14,0,30397,640420,"D","07/14/2016 00:00:00",70,"M","Under Tree",201607
201607,19,0,30409,640866,"D","07/19/2016 00:00:00",23,"M","Under Tree",201607
201607,23,0,30553,643687,"D","07/23/2016 00:00:00",42,"M","Under Tree",201607
201607,3,0,30708,644323,"D","07/03/2016 00:00:00",49,"F","Vehicle/Towed Trailer",201607
201607,6,0,30961,646637,"D","07/06/2016 00:00:00",71,"M","Permanent Home",201607
201607,6,0,30962,646637,"D","07/06/2016 00:00:00",62,"F","Permanent Home",201607
201607,9,0,30963,646637,"D","07/09/2016 00:00:00",62,"M","Permanent Home",201607
201607,9,0,30964,646637,"I","07/09/2016 00:00:00",55,"M","Permanent Home",201607
201607,15,0,31163,646638,"I","07/15/2016 00:00:00",46,"F","Outside/Open Areas",201607
201607,12,0,31164,646638,"D","07/12/2016 00:00:00",54,"M","Outside/Open Areas",201607
201607,13,0,31165,646638,"I","07/13/2016 00:00:00",64,"M","Outside/Open Areas",201607
201607,13,0,31166,646638,"D","07/13/2016 00:00:00",78,"F","Permanent Home",201607
201607,13,0,31162,646638,"D","07/13/2016 00:00:00",73,"M","Vehicle/Towed Trailer",201607
201607,20,0,31158,646640,"D","07/20/2016 00:00:00",46,"M","Outside/Open Areas",201607
201607,21,0,31159,646640,"I","07/21/2016 00:00:00",44,"M","Outside/Open Areas",201607
201607,20,0,31161,646640,"I","07/20/2016 00:00:00",81,"M","Outside/Open Areas",201607
201607,18,0,31160,646640,"D","07/18/2016 00:00:00",46,"M","Permanent Structure",201607
201607,27,0,31193,646641,"D","07/27/2016 00:00:00",58,"M","Outside/Open Areas",201607
201607,29,0,31194,646641,"D","07/29/2016 00:00:00",68,"M","Outside/Open Areas",201607
201607,28,0,31189,646642,"I","07/28/2016 00:00:00",57,"M","Unknown",201607
201607,29,0,31176,646642,"D","07/29/2016 00:00:00",61,"M","Mobile/Trailer Home",201607
201607,24,0,31167,646642,"I","07/24/2016 00:00:00",69,"M","Outside/Open Areas",201607
201607,27,0,31169,646642,"I","07/27/2016 00:00:00",49,"M","Outside/Open Areas",201607
201607,29,0,31174,646642,"D","07/29/2016 00:00:00",77,"M","Outside/Open Areas",201607
201607,23,0,31182,646642,"I","07/23/2016 00:00:00",88,"F","Outside/Open Areas",201607
201607,27,0,31188,646642,"I","07/27/2016 00:00:00",73,"M","Outside/Open Areas",201607
201607,31,0,31191,646642,"D","07/31/2016 00:00:00",68,"M","Outside/Open Areas",201607
201607,24,0,31168,646642,"I","07/24/2016 00:00:00",87,"F","Permanent Home",201607
201607,28,0,31171,646642,"D","07/28/2016 00:00:00",58,"F","Permanent Home",201607
201607,29,0,31172,646642,"D","07/29/2016 00:00:00",84,"F","Permanent Home",201607
201607,29,0,31173,646642,"D","07/29/2016 00:00:00",76,"F","Permanent Home",201607
201607,29,0,31175,646642,"D","07/29/2016 00:00:00",85,"M","Permanent Home",201607
201607,30,0,31177,646642,"D","07/30/2016 00:00:00",70,"F","Permanent Home",201607
201607,31,0,31179,646642,"D","07/31/2016 00:00:00",65,"M","Permanent Home",201607
201607,31,0,31180,646642,"D","07/31/2016 00:00:00",64,"M","Permanent Home",201607
201607,23,0,31181,646642,"D","07/23/2016 00:00:00",80,"F","Permanent Home",201607
201607,24,0,31184,646642,"I","07/24/2016 00:00:00",71,"M","Permanent Home",201607
201607,25,0,31185,646642,"I","07/25/2016 00:00:00",66,"M","Permanent Home",201607
201607,31,0,31192,646642,"I","07/31/2016 00:00:00",64,"F","Permanent Home",201607
201607,27,0,31170,646642,"I","07/27/2016 00:00:00",81,"M","Permanent Structure",201607
201607,30,0,31178,646642,"I","07/30/2016 00:00:00",88,"F","Permanent Structure",201607
201607,25,0,31186,646642,"D","07/25/2016 00:00:00",62,"M","Permanent Structure",201607
201607,26,0,31187,646642,"D","07/26/2016 00:00:00",52,"F","Permanent Structure",201607
201607,29,0,31190,646642,"I","07/29/2016 00:00:00",43,"M","Permanent Structure",201607
201607,24,0,31183,646642,"I","07/24/2016 00:00:00",66,"F","Vehicle/Towed Trailer",201607
201607,14,0,31107,647124,"D","07/14/2016 00:00:00",19,"M","Heavy Equipment/Construction",201607
201607,7,0,31299,647177,"D","07/07/2016 00:00:00",75,"F","Vehicle/Towed Trailer",201607
201607,23,0,31296,647312,"D","07/23/2016 00:00:00",23,"M","Outside/Open Areas",201607
201607,24,0,31145,648390,"D","07/24/2016 00:00:00",45,"F","In Water",201607
201607,10,0,31146,648655,"D","07/10/2016 00:00:00",45,"M","Church",201607
201607,1,0,31210,649860,"D","07/01/2016 00:00:00",67,"M","In Water",201607
201607,5,0,31201,650535,"D","07/05/2016 00:00:00",45,"M","In Water",201607
201607,14,0,31202,650989,"D","07/14/2016 00:00:00",23,"M","Outside/Open Areas",201607
201607,18,0,31206,651255,"D","07/18/2016 00:00:00",2,"F","Vehicle/Towed Trailer",201607
201607,19,0,31207,651256,"D","07/19/2016 00:00:00",25,"M","Heavy Equipment/Construction",201607
201607,10,0,31208,651257,"D","07/10/2016 00:00:00",2,"F","Vehicle/Towed Trailer",201607
201607,24,0,31209,651264,"D","07/24/2016 00:00:00",2,"M","Vehicle/Towed Trailer",201607
201607,30,0,31211,651633,"D","07/30/2016 00:00:00",35,"F","In Water",201607
201607,30,0,31212,651633,"D","07/30/2016 00:00:00",38,"M","In Water",201607
201607,8,0,30292,635264,"D","07/08/2016 00:00:00",60,"M","Camping",201607
201607,8,0,30293,635264,"D","07/08/2016 00:00:00",47,"F","Camping",201607
201607,8,0,30294,635269,"D","07/08/2016 00:00:00",66,"F","Outside/Open Areas",201607
201607,8,0,31230,636333,"D","07/08/2016 00:00:00",71,"F","Permanent Home",201607
201607,8,0,31231,636333,"D","07/08/2016 00:00:00",61,"M","Permanent Home",201607
201607,7,0,31232,636333,"D","07/07/2016 00:00:00",77,"M","Permanent Home",201607
201606,24,0,30378,638497,"D","06/24/2016 00:00:00",20,"F","Unknown",201606
201606,24,0,30375,638497,"D","06/24/2016 00:00:00",57,"F","Permanent Home",201606
201606,24,0,30376,638497,"D","06/24/2016 00:00:00",60,"F","Permanent Home",201606
201606,24,0,30377,638497,"D","06/24/2016 00:00:00",74,"M","Permanent Home",201606
201606,23,0,30355,638506,"D","06/23/2016 00:00:00",4,"M","Outside/Open Areas",201606
201606,23,0,31433,643304,"D","06/23/2016 00:00:00",68,"M","Business",201606
201606,23,0,31428,643304,"D","06/23/2016 00:00:00",77,"F","In Water",201606
201606,23,0,31429,643304,"D","06/23/2016 00:00:00",65,"M","In Water",201606
201606,23,0,31430,643304,"D","06/23/2016 00:00:00",80,"F","In Water",201606
201606,23,0,31431,643304,"D","06/23/2016 00:00:00",60,"M","In Water",201606
201606,23,0,31432,643304,"D","06/23/2016 00:00:00",14,"F","In Water",201606
201606,23,0,31436,643304,"D","06/23/2016 00:00:00",81,"F","In Water",201606
201606,23,0,31437,643304,"D","06/23/2016 00:00:00",33,"F","In Water",201606
201606,23,0,31438,643304,"D","06/23/2016 00:00:00",16,"M","In Water",201606
201606,23,0,31439,643304,"D","06/23/2016 00:00:00",44,"F","In Water",201606
201606,23,0,31424,643304,"D","06/23/2016 00:00:00",93,"M","Permanent Structure",201606
201606,23,0,31425,643304,"D","06/23/2016 00:00:00",63,"M","Permanent Structure",201606
201606,23,0,31426,643304,"D","06/23/2016 00:00:00",85,"M","Permanent Structure",201606
201606,23,0,31427,643304,"D","06/23/2016 00:00:00",82,"M","Permanent Structure",201606
201606,23,0,31434,643304,"D","06/23/2016 00:00:00",54,"F","Permanent Structure",201606
201606,23,0,31435,643304,"D","06/23/2016 00:00:00",60,"F","Permanent Structure",201606
201607,22,0,30452,643377,"D","07/22/2016 00:00:00",12,"M","Outside/Open Areas",201607
201607,6,0,30706,643762,"D","07/06/2016 00:00:00",,"","Vehicle/Towed Trailer",201607
201606,23,0,30884,645495,"D","06/23/2016 00:00:00",62,"M","Permanent Home",201606
201606,23,0,30885,645495,"D","06/23/2016 00:00:00",47,"F","Vehicle/Towed Trailer",201606
201607,16,0,31325,651827,"D","07/16/2016 00:00:00",54,"M","Outside/Open Areas",201607
201607,15,0,31233,653020,"D","07/15/2016 00:00:00",88,"M","Permanent Home",201607
201607,28,0,31364,655994,"D","07/28/2016 00:00:00",34,"F","Outside/Open Areas",201607
201607,22,0,31501,658343,"D","07/22/2016 00:00:00",12,"M","Outside/Open Areas",201607
201603,1,0,29904,613530,"I","03/01/2016 00:00:00",,"F","Vehicle/Towed Trailer",201603
201603,13,0,30184,615038,"D","03/13/2016 00:00:00",42,"M","Vehicle/Towed Trailer",201603
201603,16,0,29974,615062,"I","03/16/2016 00:00:00",27,"M","Boating",201603
201603,8,0,30079,617096,"D","03/08/2016 00:00:00",30,"M","Vehicle/Towed Trailer",201603
201607,5,0,31217,652062,"D","07/05/2016 00:00:00",53,"F","Outside/Open Areas",201607
201604,4,0,30054,618362,"D","04/04/2016 00:00:00",41,"M","Outside/Open Areas",201603
201603,9,0,30078,620150,"D","03/09/2016 00:00:00",75,"M","Vehicle/Towed Trailer",201603
201603,3,0,30073,620339,"D","03/03/2016 00:00:00",23,"M","In Water",201603
201603,9,0,30077,620757,"D","03/09/2016 00:00:00",22,"M","Vehicle/Towed Trailer",201603
201603,12,0,30080,620797,"D","03/12/2016 00:00:00",,"M","Boating",201603
201603,30,0,30117,621930,"I","03/30/2016 00:00:00",,"M","Vehicle/Towed Trailer",201603
201603,30,0,30118,621930,"I","03/30/2016 00:00:00",,"M","Vehicle/Towed Trailer",201603
201603,26,0,30185,623935,"D","03/26/2016 00:00:00",58,"M","Outside/Open Areas",201603
201603,24,0,30144,625080,"I","03/24/2016 00:00:00",24,"F","Vehicle/Towed Trailer",201603
201603,24,0,30145,625080,"I","03/24/2016 00:00:00",15,"F","Vehicle/Towed Trailer",201603
201603,24,0,30146,625080,"I","03/24/2016 00:00:00",23,"M","Vehicle/Towed Trailer",201603
201608,24,0,31499,656658,"D","08/24/2016 00:00:00",77,"M","Vehicle/Towed Trailer",201608
201608,14,0,31508,656675,"D","08/14/2016 00:00:00",20,"F","Vehicle/Towed Trailer",201608
201608,13,0,31522,656856,"D","08/13/2016 00:00:00",55,"M","Outside/Open Areas",201608
201603,1,0,30159,625565,"I","03/01/2016 00:00:00",30,"F","Vehicle/Towed Trailer",201603
201603,9,0,30160,625574,"I","03/09/2016 00:00:00",37,"M","Vehicle/Towed Trailer",201603
201603,9,0,30162,625577,"D","03/09/2016 00:00:00",37,"M","Vehicle/Towed Trailer",201603
201603,30,0,30190,626163,"D","03/30/2016 00:00:00",18,"M","In Water",201603
201603,26,0,30177,626232,"I","03/26/2016 00:00:00",48,"F","Vehicle/Towed Trailer",201603
201603,31,0,30191,626661,"D","03/31/2016 00:00:00",20,"M","Boating",201603
201603,19,0,30192,626681,"D","03/19/2016 00:00:00",18,"M","In Water",201603
201608,5,0,30415,642277,"D","08/05/2016 00:00:00",33,"M","Vehicle/Towed Trailer",201608
201608,10,0,30420,642444,"D","08/10/2016 00:00:00",35,"M","In Water",201608
201608,7,0,30453,643385,"I","08/07/2016 00:00:00",,"M","Vehicle/Towed Trailer",201608
201607,21,0,31235,653173,"D","07/21/2016 00:00:00",67,"M","In Water",201607
201607,22,0,31236,653174,"D","07/22/2016 00:00:00",71,"M","In Water",201607
201607,19,0,31242,653270,"D","07/19/2016 00:00:00",77,"F","Outside/Open Areas",201607
201607,18,0,31283,653918,"I","07/18/2016 00:00:00",26,"F","Outside/Open Areas",201607
201607,27,0,31278,654005,"D","07/27/2016 00:00:00",54,"M","Outside/Open Areas",201607
201607,28,0,31252,654026,"D","07/28/2016 00:00:00",73,"M","Permanent Home",201607
201607,31,0,31256,654192,"D","07/31/2016 00:00:00",5,"M","Outside/Open Areas",201607
201607,30,0,31269,654379,"D","07/30/2016 00:00:00",33,"M","Unknown",201607
201607,20,0,31281,654635,"D","07/20/2016 00:00:00",17,"M","Outside/Open Areas",201607
201608,15,0,30454,643399,"D","08/15/2016 00:00:00",78,"F","Vehicle/Towed Trailer",201608
201608,13,0,30555,643846,"D","08/13/2016 00:00:00",38,"M","In Water",201608
201608,12,0,31317,643847,"I","08/12/2016 00:00:00",67,"F","Permanent Home",201608
201608,12,0,31318,643847,"I","08/12/2016 00:00:00",82,"F","Permanent Home",201608
201608,13,0,31319,643847,"I","08/13/2016 00:00:00",59,"M","Permanent Home",201608
201608,14,0,31320,643847,"I","08/14/2016 00:00:00",72,"F","Permanent Home",201608
201608,18,0,31321,643847,"I","08/18/2016 00:00:00",69,"M","Permanent Home",201608
201608,18,0,31322,643847,"I","08/18/2016 00:00:00",68,"M","Permanent Home",201608
201608,9,0,30570,643848,"D","08/09/2016 00:00:00",29,"M","In Water",201608
201608,19,0,30760,644682,"D","08/19/2016 00:00:00",45,"M","Under Tree",201608
201608,18,0,30882,645493,"I","08/18/2016 00:00:00",,"","Vehicle/Towed Trailer",201608
201608,18,0,30883,645493,"I","08/18/2016 00:00:00",,"","Vehicle/Towed Trailer",201608
201608,13,0,30943,645987,"D","08/13/2016 00:00:00",50,"M","Under Tree",201608
201608,24,0,30944,645987,"D","08/24/2016 00:00:00",46,"M","Under Tree",201608
201608,10,0,31109,647324,"D","08/10/2016 00:00:00",15,"M","In Water",201608
201609,2,0,31205,647441,"D","09/02/2016 00:00:00",23,"M","Outside/Open Areas",201608
201608,14,0,31500,649000,"D","08/14/2016 00:00:00",34,"M","In Water",201608
201608,11,0,31226,652603,"I","08/11/2016 00:00:00",21,"M","In Water",201608
201608,14,0,31227,652603,"I","08/14/2016 00:00:00",11,"M","In Water",201608
201608,20,0,31268,652604,"I","08/20/2016 00:00:00",5,"F","In Water",201608
201608,11,0,31237,653253,"D","08/11/2016 00:00:00",64,"F","In Water",201608
201608,16,0,31301,654062,"D","08/16/2016 00:00:00",44,"F","Vehicle/Towed Trailer",201608
201608,25,0,31267,654363,"I","08/25/2016 00:00:00",78,"M","In Water",201608
201608,25,0,31282,654793,"D","08/25/2016 00:00:00",34,"M","In Water",201608
201608,1,0,31284,654842,"D","08/01/2016 00:00:00",78,"F","Permanent Home",201608
201608,1,0,31285,654842,"D","08/01/2016 00:00:00",75,"M","Permanent Home",201608
201608,2,0,31286,654842,"D","08/02/2016 00:00:00",49,"M","Permanent Home",201608
201608,2,0,31287,654842,"D","08/02/2016 00:00:00",76,"M","Permanent Home",201608
201608,2,0,31288,654842,"I","08/02/2016 00:00:00",61,"M","Permanent Structure",201608
201608,7,0,31290,654843,"I","08/07/2016 00:00:00",61,"M","Mobile/Trailer Home",201608
201608,7,0,31289,654843,"D","08/07/2016 00:00:00",65,"M","Outside/Open Areas",201608
201608,8,0,31291,654843,"D","08/08/2016 00:00:00",84,"F","Permanent Home",201608
201608,8,0,31292,654843,"D","08/08/2016 00:00:00",54,"M","Permanent Home",201608
201608,19,0,31294,654844,"I","08/19/2016 00:00:00",68,"M","Permanent Home",201608
201608,17,0,31293,654844,"I","08/17/2016 00:00:00",64,"F","Permanent Structure",201608
201608,27,0,31295,654845,"D","08/27/2016 00:00:00",40,"F","Outside/Open Areas",201608
201608,5,0,31300,655322,"D","08/05/2016 00:00:00",43,"M","Outside/Open Areas",201608
201608,12,0,31507,655492,"D","08/12/2016 00:00:00",68,"M","Outside/Open Areas",201608
201608,14,0,31484,655862,"D","08/14/2016 00:00:00",50,"M","Unknown",201608
201608,17,0,31483,655862,"I","08/17/2016 00:00:00",93,"F","Other",201608
201608,5,0,31363,655954,"D","08/05/2016 00:00:00",22,"M","Outside/Open Areas",201608
201608,12,0,31518,656004,"D","08/12/2016 00:00:00",54,"M","Vehicle/Towed Trailer",201608
201608,12,0,31519,656004,"D","08/12/2016 00:00:00",44,"F","Vehicle/Towed Trailer",201608
201608,12,0,31504,656315,"I","08/12/2016 00:00:00",1,"M","Vehicle/Towed Trailer",201608
201608,13,0,31498,656570,"D","08/13/2016 00:00:00",57,"F","Vehicle/Towed Trailer",201608
201608,19,0,31423,656623,"D","08/19/2016 00:00:00",62,"M","Vehicle/Towed Trailer",201608
201608,12,0,31506,656655,"D","08/12/2016 00:00:00",59,"M","Outside/Open Areas",201608
201608,12,0,31505,656655,"D","08/12/2016 00:00:00",49,"M","Vehicle/Towed Trailer",201608
201610,20,0,31469,656869,"D","10/20/2016 00:00:00",63,"M","Permanent Home",201610
201610,3,0,31470,656910,"I","10/03/2016 00:00:00",,"F","Outside/Open Areas",201610
201610,31,0,31524,658899,"I","10/31/2016 00:00:00",21,"M","Vehicle/Towed Trailer",201610
201610,11,0,31532,659260,"D","10/11/2016 00:00:00",10,"M","Vehicle/Towed Trailer",201610
201610,7,0,31534,659397,"D","10/07/2016 00:00:00",55,"F","Mobile/Trailer Home",201610
201610,15,0,31567,660858,"D","10/15/2016 00:00:00",38,"M","In Water",201610
201610,7,0,31586,661497,"I","10/07/2016 00:00:00",58,"F","Permanent Home",201610
201610,7,0,31587,661497,"I","10/07/2016 00:00:00",82,"M","Permanent Home",201610
201610,7,0,31588,661497,"I","10/07/2016 00:00:00",90,"M","Permanent Home",201610
201610,7,0,31589,661497,"I","10/07/2016 00:00:00",90,"F","Permanent Home",201610
201610,10,0,31591,661648,"I","10/10/2016 00:00:00",87,"M","Outside/Open Areas",201610
201610,10,0,31593,661648,"I","10/10/2016 00:00:00",47,"M","Outside/Open Areas",201610
201610,10,0,31592,661648,"I","10/10/2016 00:00:00",9,"M","Permanent Home",201610
201610,7,0,31590,661648,"D","10/07/2016 00:00:00",63,"F","Under Tree",201610
201610,14,0,31594,661648,"I","10/14/2016 00:00:00",52,"M","Under Tree",201610
201611,17,0,31602,661928,"I","11/17/2016 00:00:00",44,"M","Heavy Equipment/Construction",201610
201610,8,0,31640,662031,"D","10/08/2016 00:00:00",,"M","Vehicle/Towed Trailer",201610
201610,16,0,31620,662592,"D","10/16/2016 00:00:00",13,"M","In Water",201610
201610,29,0,31624,662961,"I","10/29/2016 00:00:00",31,"M","Vehicle/Towed Trailer",201610
201610,8,0,31778,663094,"D","10/08/2016 00:00:00",22,"M","In Water",201610
201610,8,0,31724,663368,"I","10/08/2016 00:00:00",30,"M","Vehicle/Towed Trailer",201610
201610,9,0,31728,663369,"D","10/09/2016 00:00:00",51,"M","Outside/Open Areas",201610
201610,9,0,31725,663369,"D","10/09/2016 00:00:00",19,"F","Vehicle/Towed Trailer",201610
201610,9,0,31726,663369,"D","10/09/2016 00:00:00",30,"M","Vehicle/Towed Trailer",201610
201610,9,0,31727,663369,"D","10/09/2016 00:00:00",67,"M","Vehicle/Towed Trailer",201610
201611,29,0,31722,663378,"I","11/29/2016 00:00:00",40,"M","Heavy Equipment/Construction",201610
201610,12,0,31721,663378,"I","10/12/2016 00:00:00",63,"M","Other",201610
201610,9,0,31719,663378,"D","10/09/2016 00:00:00",81,"F","Vehicle/Towed Trailer",201610
201610,9,0,31720,663378,"D","10/09/2016 00:00:00",53,"M","Vehicle/Towed Trailer",201610
201610,8,0,31729,663379,"I","10/08/2016 00:00:00",30,"M","Vehicle/Towed Trailer",201610
201610,9,0,31734,663380,"D","10/09/2016 00:00:00",54,"M","Vehicle/Towed Trailer",201610
201610,9,0,31735,663380,"D","10/09/2016 00:00:00",47,"F","Vehicle/Towed Trailer",201610
201610,9,0,31732,663526,"D","10/09/2016 00:00:00",65,"M","Vehicle/Towed Trailer",201610
201610,9,0,31733,663526,"D","10/09/2016 00:00:00",51,"F","Vehicle/Towed Trailer",201610
201610,9,0,31723,663538,"D","10/09/2016 00:00:00",74,"M","Unknown",201610
201610,9,0,31757,664042,"D","10/09/2016 00:00:00",53,"M","In Water",201610
201610,20,0,31760,664079,"D","10/20/2016 00:00:00",31,"M","In Water",201610
201610,20,0,31761,664079,"D","10/20/2016 00:00:00",27,"F","In Water",201610
201610,9,0,31762,664114,"D","10/09/2016 00:00:00",75,"M","Vehicle/Towed Trailer",201610
201608,13,0,31523,656856,"D","08/13/2016 00:00:00",57,"M","Outside/Open Areas",201608
201608,13,0,31520,656856,"D","08/13/2016 00:00:00",58,"M","Vehicle/Towed Trailer",201608
201608,13,0,31521,656856,"D","08/13/2016 00:00:00",63,"F","Vehicle/Towed Trailer",201608
201602,4,0,30122,610900,"I","02/04/2016 00:00:00",41,"M","Outside/Open Areas",201602
201602,2,0,29788,611167,"D","02/02/2016 00:00:00",23,"M","Outside/Open Areas",201602
201602,5,0,29789,611168,"D","02/05/2016 00:00:00",58,"M","Outside/Open Areas",201602
201602,13,0,29818,611703,"I","02/13/2016 00:00:00",50,"M","Vehicle/Towed Trailer",201602
201602,13,0,29819,611703,"I","02/13/2016 00:00:00",54,"F","Vehicle/Towed Trailer",201602
201602,13,0,29820,611703,"I","02/13/2016 00:00:00",57,"F","Vehicle/Towed Trailer",201602
201602,21,0,29947,612511,"D","02/21/2016 00:00:00",30,"M","Outside/Open Areas",201602
201602,23,0,30109,613449,"D","02/23/2016 00:00:00",59,"M","Mobile/Trailer Home",201602
201602,23,0,30110,613449,"D","02/23/2016 00:00:00",51,"M","Mobile/Trailer Home",201602
201602,19,0,29932,613659,"D","02/19/2016 00:00:00",36,"M","Outside/Open Areas",201602
201602,1,0,29935,614190,"I","02/01/2016 00:00:00",,"","Vehicle/Towed Trailer",201602
201602,1,0,29936,614190,"I","02/01/2016 00:00:00",,"","Vehicle/Towed Trailer",201602
201602,14,0,29937,614266,"D","02/14/2016 00:00:00",38,"M","Boating",201602
201602,24,0,29940,614269,"D","02/24/2016 00:00:00",76,"M","Boating",201602
201602,4,0,30059,614449,"D","02/04/2016 00:00:00",62,"F","Outside/Open Areas",201602
201602,1,0,29983,615978,"I","02/01/2016 00:00:00",46,"F","Vehicle/Towed Trailer",201602
201602,1,0,29984,615978,"I","02/01/2016 00:00:00",42,"M","Vehicle/Towed Trailer",201602
201602,18,0,29986,615982,"I","02/18/2016 00:00:00",56,"M","Vehicle/Towed Trailer",201602
201602,27,0,29996,616172,"D","02/27/2016 00:00:00",50,"M","Outside/Open Areas",201602
201602,23,0,30055,616788,"D","02/23/2016 00:00:00",73,"M","Mobile/Trailer Home",201602
201602,13,0,30049,618350,"I","02/13/2016 00:00:00",47,"M","Vehicle/Towed Trailer",201602
201602,13,0,30050,618350,"I","02/13/2016 00:00:00",35,"M","Vehicle/Towed Trailer",201602
201602,24,0,30057,618535,"I","02/24/2016 00:00:00",57,"M","Vehicle/Towed Trailer",201602
201608,29,0,31495,657939,"D","08/29/2016 00:00:00",26,"M","Outside/Open Areas",201608
201602,5,0,30067,619687,"D","02/05/2016 00:00:00",48,"M","Under Tree",201602
201602,5,0,30068,619687,"D","02/05/2016 00:00:00",6,"F","Under Tree",201602
201608,3,0,31502,658361,"I","08/03/2016 00:00:00",11,"F","In Water",201608
201608,3,0,31503,658361,"I","08/03/2016 00:00:00",37,"F","In Water",201608
201608,21,0,31517,658547,"D","08/21/2016 00:00:00",21,"F","Outside/Open Areas",201608
201602,22,0,30120,622181,"D","02/22/2016 00:00:00",,"M","Unknown",201602
201602,23,0,30121,622203,"D","02/23/2016 00:00:00",51,"M","In Water",201602
201602,24,0,30128,622670,"D","02/24/2016 00:00:00",,"M","In Water",201602
201602,8,0,30134,623305,"D","02/08/2016 00:00:00",27,"F","Outside/Open Areas",201602
201604,27,0,30135,623339,"D","04/27/2016 00:00:00",36,"M","Heavy Equipment/Construction",201604
201607,12,0,31151,649245,"D","07/12/2016 00:00:00",84,"M","Vehicle/Towed Trailer",201607
201607,21,0,31304,641438,"D","07/21/2016 00:00:00",39,"F","Camping",201607
201607,21,0,31305,641438,"D","07/21/2016 00:00:00",13,"M","Camping",201607
201607,11,0,31306,635674,"D","07/11/2016 00:00:00",56,"M","Unknown",201607
201607,14,0,31485,653540,"D","07/14/2016 00:00:00",82,"M","Vehicle/Towed Trailer",201607
201612,16,0,32907,669430,"D","12/16/2016 00:00:00",,"","Vehicle/Towed Trailer",201612
201612,16,0,32908,669430,"D","12/16/2016 00:00:00",,"","Vehicle/Towed Trailer",201612
201605,17,0,30295,635450,"D","05/17/2016 00:00:00",67,"M","In Water",201605
201605,17,0,30296,635450,"D","05/17/2016 00:00:00",66,"M","In Water",201605
201605,28,0,33472,704162,"D","05/28/2016 00:00:00",32,"M","Heavy Equipment/Construction",201605
201611,19,0,33485,705814,"D","11/19/2016 00:00:00",,"M","Boating",201611
201611,19,0,33486,705814,"D","11/19/2016 00:00:00",,"M","Boating",201611
201608,15,0,33489,705817,"D","08/15/2016 00:00:00",,"","Boating",201608
